{
  "LightGBM": {
    "MAE": 2.4866540673618927,
    "RMSE": 4.304043779688814,
    "MAPE%": 57.020792665869145,
    "R\u00b2": 0.9105765754927978,
    "Median_AE": 1.294606022699594,
    "Q90_AE": 5.875072508758234
  },
  "CatBoost": {
    "MAE": 2.4739429765180003,
    "RMSE": 4.229590527143033,
    "MAPE%": 55.75786541236124,
    "R\u00b2": 0.9136435886559594,
    "Median_AE": 1.2959149313056328,
    "Q90_AE": 5.940934448777725
  },
  "Ensemble": {
    "MAE": 2.4680469703536563,
    "RMSE": 4.227397236352023,
    "MAPE%": 56.276605034959694,
    "R\u00b2": 0.9137331271641441,
    "Median_AE": 1.2801550749186266,
    "Q90_AE": 5.853731388175342
  },
  "MetaLearner": {
    "MAE": 2.4657395733324523,
    "RMSE": 4.247091795374881,
    "MAPE%": 54.825166835409036,
    "R\u00b2": 0.9129274561858179,
    "Median_AE": 1.2743350941941618,
    "Q90_AE": 5.760038578600447
  }
}